version,n,pct_elite,rhat_max,ess_min,auc
p95,10000,5,1.0005269560904784,1707,0.782029052631579
p80,10000,20,1.0022060912819013,1906,0.71528284375
